finish_group,error
Top 5,0.16363636363636364
6-10,0.34545454545454546
11-15,0.36363636363636365
16+,0.7181818181818181
