y_true,error
0,0.375
1,0.21951219512195122
2,0.7154471544715447
