abs_delta_bin,error_rate
<=2,0.21951219512195122
2-5,0.6290322580645161
5-10,0.4788732394366197
10-30,0.45
30+,
