model,tag,test_year,accuracy,macro_f1,weighted_f1,n_train,n_test,n_features,random_state,cm_00,cm_01,cm_02,cm_10,cm_11,cm_12,cm_20,cm_21,cm_22,precision_0,recall_0,f1_0,support_0,precision_1,recall_1,f1_1,support_1,precision_2,recall_2,f1_2,support_2,report_accuracy,macro_precision,macro_recall,macro_support,weighted_precision,weighted_recall,weighted_support
Random Forest,rf,2023,0.6022727272727273,0.5638908044101627,0.5808311182516217,880,440,127,42,70,41,1,37,160,8,10,78,35,0.5982905982905983,0.625,0.611353711790393,112.0,0.5734767025089605,0.7804878048780488,0.6611570247933884,205.0,0.7954545454545454,0.2845528455284553,0.41916167664670656,123.0,0.6022727272727273,0.6557406154180347,0.5633468834688347,440.0,0.6418458638949841,0.6022727272727273,440.0
Multinomial Logistic Regression,lr,2023,0.5454545454545454,0.5501582898551257,0.5306145752891488,880,440,127,42,91,18,3,51,74,80,23,25,75,0.5515151515151515,0.8125,0.6570397111913358,112.0,0.6324786324786325,0.36097560975609755,0.45962732919254656,205.0,0.47468354430379744,0.6097560975609756,0.5338078291814946,123.0,0.5454545454545454,0.5528924427658605,0.594410569105691,440.0,0.5677588467663266,0.5454545454545454,440.0
Gradient Boosting,gb,2023,0.5704545454545454,0.5454396103719148,0.5594285805225688,880,440,127,42,62,47,3,38,146,21,9,71,43,0.5688073394495413,0.5535714285714286,0.5610859728506787,112.0,0.553030303030303,0.7121951219512195,0.6226012793176973,205.0,0.6417910447761194,0.34959349593495936,0.45263157894736844,123.0,0.5704545454545454,0.5878762290853211,0.5384533488192025,440.0,0.5818589378341441,0.5704545454545454,440.0
